{"stats":{"minecraft:custom":{"minecraft:time_since_rest":312,"minecraft:crouch_one_cm":292,"minecraft:play_time":13166,"minecraft:sprint_one_cm":14706,"minecraft:walk_one_cm":32055,"minecraft:damage_taken":853,"minecraft:deaths":3,"minecraft:sneak_time":1074,"minecraft:walk_under_water_one_cm":5171,"minecraft:jump":107,"minecraft:damage_dealt":77,"minecraft:time_since_death":226,"minecraft:walk_on_water_one_cm":119,"minecraft:total_world_time":13166,"minecraft:swim_one_cm":3291,"minecraft:interact_with_crafting_table":1,"minecraft:fall_one_cm":1775,"minecraft:fly_one_cm":8402},"minecraft:killed_by":{"minecraft:creeper":1,"minecraft:zombie":1},"minecraft:picked_up":{"minecraft:wooden_sword":1,"minecraft:birch_log":2,"minecraft:crafting_table":2,"minecraft:stick":5,"minecraft:birch_planks":2,"minecraft:player_head":1,"minecraft:oak_log":2,"minecraft:wooden_shovel":1,"minecraft:oak_planks":5,"minecraft:dirt":52,"minecraft:egg":1},"minecraft:used":{"minecraft:dirt":22,"minecraft:crafting_table":1,"minecraft:wooden_shovel":15},"minecraft:mined":{"minecraft:short_grass":2,"minecraft:grass_block":2,"minecraft:dirt":15,"minecraft:birch_log":2,"minecraft:oak_leaves":6,"minecraft:crafting_table":1},"minecraft:crafted":{"minecraft:wooden_sword":1,"minecraft:oak_planks":8,"minecraft:wooden_shovel":1,"minecraft:birch_planks":8,"minecraft:crafting_table":1,"minecraft:stick":4}},"DataVersion":3953}