{"stats":{"minecraft:custom":{"minecraft:time_since_rest":2,"minecraft:crouch_one_cm":292,"minecraft:play_time":14067,"minecraft:sprint_one_cm":25993,"minecraft:walk_one_cm":35007,"minecraft:damage_taken":1108,"minecraft:deaths":4,"minecraft:sneak_time":1074,"minecraft:walk_under_water_one_cm":5171,"minecraft:jump":127,"minecraft:damage_dealt":77,"minecraft:leave_game":1,"minecraft:time_since_death":0,"minecraft:walk_on_water_one_cm":119,"minecraft:total_world_time":14067,"minecraft:swim_one_cm":3291,"minecraft:interact_with_crafting_table":1,"minecraft:fall_one_cm":1775,"minecraft:fly_one_cm":10816},"minecraft:killed_by":{"minecraft:creeper":1,"minecraft:zombie":2},"minecraft:picked_up":{"minecraft:wooden_sword":2,"minecraft:birch_log":2,"minecraft:crafting_table":3,"minecraft:stick":8,"minecraft:birch_planks":4,"minecraft:player_head":3,"minecraft:oak_log":3,"minecraft:wooden_shovel":2,"minecraft:oak_planks":10,"minecraft:dirt":67,"minecraft:egg":2},"minecraft:used":{"minecraft:dirt":22,"minecraft:crafting_table":1,"minecraft:wooden_shovel":15},"minecraft:mined":{"minecraft:short_grass":2,"minecraft:grass_block":2,"minecraft:dirt":15,"minecraft:birch_log":2,"minecraft:oak_leaves":6,"minecraft:crafting_table":1},"minecraft:crafted":{"minecraft:wooden_sword":1,"minecraft:oak_planks":8,"minecraft:wooden_shovel":1,"minecraft:birch_planks":8,"minecraft:crafting_table":1,"minecraft:stick":4}},"DataVersion":3953}