{"stats":{"minecraft:custom":{"minecraft:jump":98,"minecraft:time_since_rest":1611,"minecraft:crouch_one_cm":36,"minecraft:damage_dealt":125,"minecraft:walk_on_water_one_cm":444,"minecraft:deaths":2,"minecraft:sprint_one_cm":51451,"minecraft:play_time":6890,"minecraft:damage_taken":567,"minecraft:time_since_death":1553,"minecraft:walk_one_cm":22940,"minecraft:sneak_time":115,"minecraft:total_world_time":6890,"minecraft:fall_one_cm":3274,"minecraft:fly_one_cm":12278},"minecraft:picked_up":{"minecraft:dirt":1},"minecraft:killed_by":{"minecraft:zombie":1},"minecraft:used":{"minecraft:dirt":1},"minecraft:mined":{"minecraft:grass_block":1}},"DataVersion":3953}