{"stats":{"minecraft:custom":{"minecraft:jump":135,"minecraft:time_since_rest":3687,"minecraft:crouch_one_cm":135,"minecraft:damage_dealt":125,"minecraft:walk_on_water_one_cm":444,"minecraft:deaths":2,"minecraft:sprint_one_cm":76960,"minecraft:play_time":8966,"minecraft:damage_taken":687,"minecraft:time_since_death":3629,"minecraft:walk_one_cm":29182,"minecraft:sneak_time":194,"minecraft:total_world_time":8966,"minecraft:fall_one_cm":4021,"minecraft:fly_one_cm":15945,"minecraft:leave_game":1},"minecraft:killed_by":{"minecraft:zombie":1},"minecraft:picked_up":{"minecraft:stick":1,"minecraft:dirt":1},"minecraft:used":{"minecraft:dirt":1},"minecraft:mined":{"minecraft:grass_block":1,"minecraft:spruce_leaves":1}},"DataVersion":3953}