{"stats":{"minecraft:custom":{"minecraft:time_since_rest":12154,"minecraft:interact_with_furnace":20,"minecraft:sprint_one_cm":37245,"minecraft:damage_taken":110,"minecraft:walk_one_cm":15677,"minecraft:mob_kills":11,"minecraft:damage_dealt":800,"minecraft:interact_with_crafting_table":5,"minecraft:fly_one_cm":17051,"minecraft:crouch_one_cm":2265,"minecraft:play_time":12154,"minecraft:sneak_time":1060,"minecraft:jump":123,"minecraft:time_since_death":12154,"minecraft:total_world_time":12154,"minecraft:fall_one_cm":4010},"minecraft:killed":{"minecraft:pig":6,"minecraft:chicken":5},"minecraft:crafted":{"minecraft:oak_planks":44,"minecraft:cooked_porkchop":11,"minecraft:crafting_table":1,"minecraft:stick":8,"minecraft:cooked_chicken":5,"minecraft:wooden_pickaxe":1,"minecraft:stone_pickaxe":1,"minecraft:furnace":2,"minecraft:stone_axe":1,"minecraft:air":0},"minecraft:used":{"minecraft:apple":1,"minecraft:stone_pickaxe":22,"minecraft:wooden_pickaxe":20,"minecraft:stone_axe":46,"minecraft:dirt":12,"minecraft:cobblestone":1,"minecraft:crafting_table":2,"minecraft:furnace":2,"minecraft:cooked_porkchop":1,"minecraft:egg":1},"minecraft:mined":{"minecraft:furnace":2,"minecraft:crafting_table":2,"minecraft:oak_log":39,"minecraft:grass_block":3,"minecraft:coal_ore":2,"minecraft:dirt":10,"minecraft:cobblestone":1,"minecraft:stone":37,"minecraft:oak_leaves":4},"minecraft:picked_up":{"minecraft:stick":8,"minecraft:crafting_table":2,"minecraft:feather":7,"minecraft:chicken":5,"minecraft:porkchop":11,"minecraft:oak_log":35,"minecraft:dirt":13,"minecraft:apple":5,"minecraft:oak_sapling":18,"minecraft:coal":49,"minecraft:furnace":2,"minecraft:cobblestone":38,"minecraft:egg":1}},"DataVersion":3953}