{"stats":{"minecraft:custom":{"minecraft:time_since_rest":24154,"minecraft:interact_with_furnace":28,"minecraft:sprint_one_cm":70812,"minecraft:damage_taken":280,"minecraft:walk_one_cm":42063,"minecraft:mob_kills":14,"minecraft:damage_dealt":1231,"minecraft:swim_one_cm":481,"minecraft:interact_with_crafting_table":10,"minecraft:fly_one_cm":41221,"minecraft:crouch_one_cm":3054,"minecraft:play_time":24154,"minecraft:sneak_time":1246,"minecraft:walk_under_water_one_cm":429,"minecraft:jump":348,"minecraft:walk_on_water_one_cm":4122,"minecraft:time_since_death":24154,"minecraft:total_world_time":24154,"minecraft:fall_one_cm":9271},"minecraft:killed":{"minecraft:zombie":2,"minecraft:pig":6,"minecraft:chicken":5,"minecraft:spider":1},"minecraft:crafted":{"minecraft:oak_planks":44,"minecraft:iron_boots":1,"minecraft:iron_chestplate":1,"minecraft:cooked_porkchop":11,"minecraft:shield":1,"minecraft:crafting_table":1,"minecraft:stick":16,"minecraft:iron_pickaxe":1,"minecraft:iron_ingot":16,"minecraft:cooked_chicken":5,"minecraft:wooden_pickaxe":1,"minecraft:stone_pickaxe":1,"minecraft:stone_sword":1,"minecraft:furnace":2,"minecraft:torch":60,"minecraft:stone_axe":1,"minecraft:air":0},"minecraft:used":{"minecraft:stone_sword":7,"minecraft:apple":1,"minecraft:iron_pickaxe":4,"minecraft:stone_pickaxe":56,"minecraft:wooden_pickaxe":20,"minecraft:iron_boots":1,"minecraft:cooked_chicken":1,"minecraft:iron_chestplate":1,"minecraft:torch":29,"minecraft:stone_axe":51,"minecraft:dirt":13,"minecraft:cobblestone":19,"minecraft:crafting_table":5,"minecraft:furnace":4,"minecraft:cooked_porkchop":3,"minecraft:egg":1},"minecraft:mined":{"minecraft:furnace":4,"minecraft:iron_ore":9,"minecraft:medium_amethyst_bud":1,"minecraft:amethyst_cluster":3,"minecraft:crafting_table":5,"minecraft:calcite":2,"minecraft:oak_log":39,"minecraft:grass_block":3,"minecraft:coal_ore":3,"minecraft:dirt":10,"minecraft:cobblestone":4,"minecraft:smooth_basalt":1,"minecraft:lapis_ore":2,"minecraft:stone":52,"minecraft:oak_leaves":4},"minecraft:broken":{"minecraft:stone_pickaxe":1},"minecraft:picked_up":{"minecraft:raw_iron":43,"minecraft:stick":8,"minecraft:crafting_table":5,"minecraft:smooth_basalt":1,"minecraft:feather":7,"minecraft:chicken":5,"minecraft:porkchop":11,"minecraft:amethyst_shard":12,"minecraft:oak_log":35,"minecraft:lapis_lazuli":36,"minecraft:dirt":13,"minecraft:raw_copper":15,"minecraft:rotten_flesh":1,"minecraft:apple":5,"minecraft:calcite":2,"minecraft:player_head":1,"minecraft:oak_sapling":18,"minecraft:coal":61,"minecraft:furnace":4,"minecraft:cobblestone":56,"minecraft:egg":1}},"DataVersion":3953}