{"stats":{"minecraft:killed_by":{"minecraft:zombie":3},"minecraft:custom":{"minecraft:time_since_rest":10387,"minecraft:sprint_one_cm":105903,"minecraft:damage_taken":1015,"minecraft:walk_one_cm":121609,"minecraft:mob_kills":6,"minecraft:drop":4,"minecraft:damage_dealt":1277,"minecraft:interact_with_crafting_table":8,"minecraft:fly_one_cm":89588,"minecraft:crouch_one_cm":980,"minecraft:play_time":42762,"minecraft:deaths":3,"minecraft:sneak_time":512,"minecraft:jump":440,"minecraft:walk_on_water_one_cm":2062,"minecraft:time_since_death":10360,"minecraft:leave_game":3,"minecraft:total_world_time":42762,"minecraft:fall_one_cm":10750},"minecraft:killed":{"minecraft:pig":1,"minecraft:zombie":3,"minecraft:spider":1,"minecraft:creeper":1},"minecraft:dropped":{"minecraft:dirt":7,"minecraft:birch_sapling":2,"minecraft:rotten_flesh":3,"minecraft:wooden_pickaxe":1},"minecraft:crafted":{"minecraft:crafting_table":1,"minecraft:spruce_planks":24,"minecraft:stick":8,"minecraft:wooden_pickaxe":1,"minecraft:stone_pickaxe":1,"minecraft:stone_axe":4},"minecraft:used":{"minecraft:apple":10,"minecraft:stone_pickaxe":107,"minecraft:wooden_pickaxe":12,"minecraft:stone_axe":498,"minecraft:crafting_table":4},"minecraft:mined":{"minecraft:birch_log":13,"minecraft:spruce_log":158,"minecraft:crafting_table":4,"minecraft:short_grass":5,"minecraft:oak_log":218,"minecraft:grass_block":7,"minecraft:coal_ore":1,"minecraft:dirt":12,"minecraft:spruce_leaves":17,"minecraft:stone":99,"minecraft:oak_leaves":30},"minecraft:broken":{"minecraft:stone_axe":3},"minecraft:picked_up":{"minecraft:birch_log":26,"minecraft:stick":176,"minecraft:crafting_table":5,"minecraft:brown_mushroom":3,"minecraft:wooden_pickaxe":1,"minecraft:porkchop":2,"minecraft:oak_log":430,"minecraft:spruce_sapling":67,"minecraft:gunpowder":2,"minecraft:spruce_log":197,"minecraft:string":2,"minecraft:dirt":33,"minecraft:rotten_flesh":6,"minecraft:apple":14,"minecraft:stone_axe":1,"minecraft:spruce_planks":28,"minecraft:stone_pickaxe":1,"minecraft:player_head":11,"minecraft:oak_sapling":237,"minecraft:birch_sapling":4,"minecraft:coal":16,"minecraft:cobblestone":100,"minecraft:egg":1}},"DataVersion":3953}