{"stats":{"minecraft:custom":{"minecraft:time_since_rest":1951,"minecraft:deaths":2,"minecraft:crouch_one_cm":209,"minecraft:play_time":22351,"minecraft:sprint_one_cm":48598,"minecraft:damage_taken":655,"minecraft:walk_one_cm":18566,"minecraft:sneak_time":302,"minecraft:jump":205,"minecraft:damage_dealt":141,"minecraft:leave_game":2,"minecraft:time_since_death":1925,"minecraft:total_world_time":22351,"minecraft:interact_with_crafting_table":4,"minecraft:fall_one_cm":5434,"minecraft:fly_one_cm":45881},"minecraft:killed_by":{"minecraft:zombie":2},"minecraft:picked_up":{"minecraft:stick":2,"minecraft:wooden_pickaxe":1,"minecraft:spruce_planks":15,"minecraft:spruce_sapling":1,"minecraft:player_head":5,"minecraft:spruce_log":16,"minecraft:coal":8,"minecraft:dirt":14,"minecraft:cobblestone":13},"minecraft:mined":{"minecraft:coal_ore":1,"minecraft:grass_block":4,"minecraft:oak_log":2,"minecraft:dirt":3,"minecraft:spruce_leaves":1,"minecraft:spruce_log":17,"minecraft:stone":13},"minecraft:used":{"minecraft:stone_axe":10,"minecraft:crafting_table":1,"minecraft:stone_pickaxe":9,"minecraft:wooden_pickaxe":12},"minecraft:crafted":{"minecraft:stone_axe":1,"minecraft:crafting_table":1,"minecraft:spruce_planks":24,"minecraft:stick":8,"minecraft:stone_pickaxe":1,"minecraft:wooden_pickaxe":1}},"DataVersion":3953}