{"stats":{"minecraft:killed_by":{"minecraft:zombie":2},"minecraft:custom":{"minecraft:time_since_rest":10362,"minecraft:sprint_one_cm":75111,"minecraft:damage_taken":775,"minecraft:walk_one_cm":80944,"minecraft:mob_kills":5,"minecraft:drop":1,"minecraft:damage_dealt":1117,"minecraft:interact_with_crafting_table":6,"minecraft:fly_one_cm":58165,"minecraft:crouch_one_cm":769,"minecraft:play_time":30762,"minecraft:deaths":2,"minecraft:sneak_time":456,"minecraft:jump":296,"minecraft:walk_on_water_one_cm":2062,"minecraft:time_since_death":10336,"minecraft:leave_game":3,"minecraft:total_world_time":30762,"minecraft:fall_one_cm":6866},"minecraft:killed":{"minecraft:pig":1,"minecraft:zombie":3,"minecraft:creeper":1},"minecraft:dropped":{"minecraft:wooden_pickaxe":1},"minecraft:crafted":{"minecraft:crafting_table":1,"minecraft:spruce_planks":24,"minecraft:stick":8,"minecraft:wooden_pickaxe":1,"minecraft:stone_pickaxe":1,"minecraft:stone_axe":3},"minecraft:used":{"minecraft:apple":9,"minecraft:stone_pickaxe":9,"minecraft:wooden_pickaxe":12,"minecraft:stone_axe":321,"minecraft:crafting_table":3},"minecraft:mined":{"minecraft:birch_log":6,"minecraft:spruce_log":48,"minecraft:crafting_table":3,"minecraft:short_grass":1,"minecraft:oak_log":194,"minecraft:grass_block":4,"minecraft:coal_ore":1,"minecraft:dirt":3,"minecraft:spruce_leaves":9,"minecraft:stone":13,"minecraft:oak_leaves":26},"minecraft:broken":{"minecraft:stone_axe":2},"minecraft:picked_up":{"minecraft:birch_log":6,"minecraft:stick":68,"minecraft:crafting_table":3,"minecraft:wooden_pickaxe":1,"minecraft:porkchop":1,"minecraft:oak_log":192,"minecraft:spruce_sapling":11,"minecraft:gunpowder":1,"minecraft:spruce_log":48,"minecraft:dirt":14,"minecraft:rotten_flesh":3,"minecraft:apple":11,"minecraft:spruce_planks":15,"minecraft:player_head":6,"minecraft:oak_sapling":102,"minecraft:birch_sapling":1,"minecraft:coal":8,"minecraft:cobblestone":13}},"DataVersion":3953}