{"stats":{"minecraft:killed_by":{"minecraft:zombie":3},"minecraft:custom":{"minecraft:interact_with_furnace":4,"minecraft:mob_kills":6,"minecraft:interact_with_crafting_table":14,"minecraft:leave_game":3,"minecraft:time_since_death":22360,"minecraft:time_since_rest":22387,"minecraft:sprint_one_cm":124906,"minecraft:damage_taken":1015,"minecraft:walk_one_cm":132660,"minecraft:drop":5,"minecraft:damage_dealt":1277,"minecraft:swim_one_cm":877,"minecraft:fly_one_cm":103450,"minecraft:crouch_one_cm":980,"minecraft:play_time":54762,"minecraft:deaths":3,"minecraft:sneak_time":600,"minecraft:walk_under_water_one_cm":16598,"minecraft:jump":507,"minecraft:walk_on_water_one_cm":2170,"minecraft:total_world_time":54762,"minecraft:interact_with_smoker":5,"minecraft:fall_one_cm":12271},"minecraft:killed":{"minecraft:pig":1,"minecraft:spider":1,"minecraft:creeper":1,"minecraft:zombie":3},"minecraft:dropped":{"minecraft:birch_sapling":2,"minecraft:rotten_flesh":3,"minecraft:dirt":7,"minecraft:wooden_pickaxe":1,"minecraft:egg":1},"minecraft:crafted":{"minecraft:cooked_porkchop":1,"minecraft:crafting_table":1,"minecraft:spruce_planks":24,"minecraft:wooden_pickaxe":1,"minecraft:furnace":2,"minecraft:copper_ingot":7,"minecraft:stone_axe":7,"minecraft:air":0,"minecraft:stick":8,"minecraft:stone_pickaxe":3,"minecraft:stone_sword":1,"minecraft:smoker":1},"minecraft:used":{"minecraft:polished_deepslate":2,"minecraft:stone_pickaxe":114,"minecraft:wooden_pickaxe":12,"minecraft:player_head":5,"minecraft:crafting_table":7,"minecraft:smoker":2,"minecraft:apple":12,"minecraft:stone_axe":693,"minecraft:furnace":1,"minecraft:cooked_porkchop":1,"minecraft:cobbled_deepslate":1},"minecraft:mined":{"minecraft:brown_mushroom":8,"minecraft:smoker":1,"minecraft:clay":1,"minecraft:crafting_table":6,"minecraft:short_grass":6,"minecraft:grass_block":7,"minecraft:spruce_leaves":17,"minecraft:deepslate_copper_ore":1,"minecraft:large_fern":1,"minecraft:birch_log":13,"minecraft:spruce_log":345,"minecraft:polished_deepslate":2,"minecraft:coal_ore":1,"minecraft:oak_log":218,"minecraft:dirt":12,"minecraft:stone":99,"minecraft:oak_leaves":30,"minecraft:deepslate":1},"minecraft:broken":{"minecraft:stone_axe":4},"minecraft:picked_up":{"minecraft:birch_log":26,"minecraft:crafting_table":7,"minecraft:clay_ball":4,"minecraft:brown_mushroom":11,"minecraft:wooden_pickaxe":1,"minecraft:smoker":1,"minecraft:oak_log":430,"minecraft:gunpowder":2,"minecraft:polished_deepslate":2,"minecraft:dirt":33,"minecraft:string":2,"minecraft:raw_copper":36,"minecraft:apple":14,"minecraft:cobbled_deepslate":1,"minecraft:spruce_planks":28,"minecraft:stone_pickaxe":1,"minecraft:player_head":11,"minecraft:birch_sapling":4,"minecraft:egg":1,"minecraft:stick":199,"minecraft:porkchop":2,"minecraft:spruce_sapling":99,"minecraft:spruce_log":384,"minecraft:rotten_flesh":6,"minecraft:stone_axe":1,"minecraft:oak_sapling":237,"minecraft:coal":16,"minecraft:cobblestone":100}},"DataVersion":3953}