{"stats":{"minecraft:custom":{"minecraft:time_since_rest":3882,"minecraft:sprint_one_cm":68948,"minecraft:damage_taken":685,"minecraft:walk_one_cm":22880,"minecraft:mob_kills":1,"minecraft:drop":1,"minecraft:damage_dealt":417,"minecraft:interact_with_crafting_table":4,"minecraft:fly_one_cm":56631,"minecraft:crouch_one_cm":396,"minecraft:play_time":24282,"minecraft:deaths":2,"minecraft:sneak_time":337,"minecraft:jump":254,"minecraft:time_since_death":3856,"minecraft:leave_game":3,"minecraft:total_world_time":24282,"minecraft:fall_one_cm":6599},"minecraft:killed_by":{"minecraft:zombie":2},"minecraft:picked_up":{"minecraft:stick":12,"minecraft:crafting_table":1,"minecraft:wooden_pickaxe":1,"minecraft:spruce_sapling":11,"minecraft:spruce_log":48,"minecraft:dirt":14,"minecraft:rotten_flesh":1,"minecraft:spruce_planks":15,"minecraft:player_head":6,"minecraft:oak_sapling":2,"minecraft:coal":8,"minecraft:cobblestone":13},"minecraft:mined":{"minecraft:spruce_log":48,"minecraft:crafting_table":1,"minecraft:oak_log":2,"minecraft:grass_block":4,"minecraft:coal_ore":1,"minecraft:dirt":3,"minecraft:spruce_leaves":9,"minecraft:stone":13},"minecraft:used":{"minecraft:stone_pickaxe":9,"minecraft:wooden_pickaxe":12,"minecraft:stone_axe":58,"minecraft:crafting_table":1},"minecraft:crafted":{"minecraft:crafting_table":1,"minecraft:spruce_planks":24,"minecraft:stick":8,"minecraft:wooden_pickaxe":1,"minecraft:stone_pickaxe":1,"minecraft:stone_axe":1},"minecraft:dropped":{"minecraft:wooden_pickaxe":1},"minecraft:killed":{"minecraft:zombie":1}},"DataVersion":3953}