{
  "minecraft:recipes/decorations/crafting_table": {
    "criteria": {
      "unlock_right_away": "2024-08-21 00:32:03 +0000"
    },
    "done": true
  },
  "vanilla_refresh:player/end_teleport": {
    "criteria": {
      "s3": "2024-08-21 00:32:03 +0000"
    },
    "done": false
  },
  "global:root": {
    "criteria": {
      "trigger": "2024-08-21 00:32:03 +0000"
    },
    "done": true
  },
  "global:notnull": {
    "criteria": {
      "trigger": "2024-08-21 00:32:03 +0000"
    },
    "done": true
  },
  "stackable_items:stackable_items": {
    "criteria": {
      "trigger": "2024-08-21 00:32:03 +0000"
    },
    "done": true
  },
  "vanilla_refresh:player/tick": {
    "criteria": {
      "s": "2024-08-21 00:32:03 +0000"
    },
    "done": true
  },
  "minecraft:adventure/adventuring_time": {
    "criteria": {
      "minecraft:forest": "2024-08-21 00:32:04 +0000"
    },
    "done": false
  },
  "vanilla_refresh:biome/forest": {
    "criteria": {
      "requirement": "2024-08-21 00:32:13 +0000"
    },
    "done": true
  },
  "minecraft:recipes/misc/charcoal": {
    "criteria": {
      "has_log": "2024-08-21 00:35:24 +0000"
    },
    "done": true
  },
  "minecraft:recipes/building_blocks/oak_planks": {
    "criteria": {
      "has_logs": "2024-08-21 00:35:24 +0000"
    },
    "done": true
  },
  "minecraft:recipes/building_blocks/oak_wood": {
    "criteria": {
      "has_log": "2024-08-21 00:35:24 +0000"
    },
    "done": true
  },
  "DataVersion": 3953
}